-- phpMyAdmin SQL Dump
-- version 5.2.0
-- https://www.phpmyadmin.net/
--
-- Host: 127.0.0.1:3306
-- Generation Time: May 07, 2025 at 06:33 AM
-- Server version: 8.0.31
-- PHP Version: 8.2.0

SET SQL_MODE = "NO_AUTO_VALUE_ON_ZERO";
START TRANSACTION;
SET time_zone = "+00:00";


/*!40101 SET @OLD_CHARACTER_SET_CLIENT=@@CHARACTER_SET_CLIENT */;
/*!40101 SET @OLD_CHARACTER_SET_RESULTS=@@CHARACTER_SET_RESULTS */;
/*!40101 SET @OLD_COLLATION_CONNECTION=@@COLLATION_CONNECTION */;
/*!40101 SET NAMES utf8mb4 */;

--
-- Database: `gad_db`
--

-- --------------------------------------------------------

--
-- Table structure for table `academic_ranks`
--

DROP TABLE IF EXISTS `academic_ranks`;
CREATE TABLE IF NOT EXISTS `academic_ranks` (
  `id` int NOT NULL AUTO_INCREMENT,
  `academic_rank` varchar(100) NOT NULL,
  `salary_grade` int NOT NULL,
  `monthly_salary` decimal(10,2) NOT NULL,
  `hourly_rate` decimal(10,2) GENERATED ALWAYS AS ((`monthly_salary` / 176)) STORED,
  PRIMARY KEY (`id`)
) ENGINE=MyISAM AUTO_INCREMENT=141 DEFAULT CHARSET=utf8mb4 COLLATE=utf8mb4_0900_ai_ci;

--
-- Dumping data for table `academic_ranks`
--

INSERT INTO `academic_ranks` (`id`, `academic_rank`, `salary_grade`, `monthly_salary`) VALUES
(110, 'Instructor I', 8, '31000.00'),
(111, 'Instructor II', 9, '35000.00'),
(112, 'Instructor III', 10, '43000.00'),
(113, 'College Lecturer', 2, '25000.00'),
(114, 'Senior Lecturer', 2, '27500.00'),
(115, 'Master Lecturer', 5, '30000.00'),
(116, 'Assistant Professor I', 7, '34000.00'),
(117, 'Assistant Professor II', 8, '32500.00'),
(118, 'Assistant Professor III', 9, '38000.00'),
(119, 'Assistant Professor IV', 10, '40000.00'),
(120, 'Associate Professor I', 6, '35000.00'),
(121, 'Associate Professor II', 6, '37500.00'),
(122, 'Associate Professor III', 7, '39000.00'),
(123, 'Associate Professor IV', 8, '41000.00'),
(124, 'Associate Professor V', 9, '43000.00'),
(125, 'Professor I', 9, '40000.00'),
(126, 'Professor II', 1, '42500.00'),
(127, 'Professor III', 3, '45000.00'),
(128, 'Professor IV', 4, '47500.00'),
(129, 'Professor V', 5, '50000.00'),
(130, 'Professor VI', 6, '52500.00'),
(131, 'Admin Aide 1', 1, '21.00'),
(132, 'Admin Aide 2', 1, '21000.00'),
(133, 'Admin Aide 3', 2, '22000.00'),
(134, 'Admin Aide 4', 2, '23000.00'),
(135, 'Admin Aide 5', 3, '24000.00'),
(136, 'Admin Aide 6', 3, '25000.00'),
(137, 'Admin Asst 1', 4, '27000.00'),
(138, 'Admin Asst 2', 4, '29000.00'),
(139, 'Admin Asst 3', 5, '31000.00');

-- --------------------------------------------------------

--
-- Table structure for table `credentials`
--

DROP TABLE IF EXISTS `credentials`;
CREATE TABLE IF NOT EXISTS `credentials` (
  `id` int NOT NULL AUTO_INCREMENT,
  `username` varchar(50) NOT NULL,
  `password` varchar(255) NOT NULL,
  PRIMARY KEY (`id`),
  UNIQUE KEY `username` (`username`)
) ENGINE=MyISAM AUTO_INCREMENT=12 DEFAULT CHARSET=utf8mb4 COLLATE=utf8mb4_0900_ai_ci;

--
-- Dumping data for table `credentials`
--

INSERT INTO `credentials` (`id`, `username`, `password`) VALUES
(1, 'Lipa', 'lipa'),
(2, 'Pablo Borbon', 'pablo borbon'),
(3, 'Alangilan', 'alangilan'),
(4, 'Nasugbu', 'nasugbu'),
(5, 'Malvar', 'malvar'),
(6, 'Rosario', 'rosario'),
(7, 'Balayan', 'balayan'),
(8, 'Lemery', 'lemery'),
(9, 'San Juan', 'san juan'),
(10, 'Lobo', 'lobo'),
(11, 'Central', 'central');

-- --------------------------------------------------------

--
-- Table structure for table `gad_proposals`
--

DROP TABLE IF EXISTS `gad_proposals`;
CREATE TABLE IF NOT EXISTS `gad_proposals` (
  `proposal_id` int NOT NULL AUTO_INCREMENT,
  `ppas_form_id` int NOT NULL,
  `campus` varchar(100) NOT NULL,
  `mode_of_delivery` varchar(50) NOT NULL,
  `partner_office` varchar(255) NOT NULL,
  `rationale` text NOT NULL,
  `general_objectives` text NOT NULL,
  `description` text NOT NULL,
  `budget_breakdown` text NOT NULL,
  `sustainability_plan` text NOT NULL,
  `project_leader_responsibilities` json NOT NULL,
  `assistant_leader_responsibilities` json NOT NULL,
  `staff_responsibilities` json NOT NULL,
  `specific_objectives` json NOT NULL,
  `strategies` json NOT NULL,
  `methods` json NOT NULL,
  `materials` json NOT NULL,
  `workplan` json NOT NULL,
  `monitoring_items` json NOT NULL,
  `specific_plans` json NOT NULL,
  `created_at` timestamp NULL DEFAULT CURRENT_TIMESTAMP,
  `updated_at` timestamp NULL DEFAULT CURRENT_TIMESTAMP ON UPDATE CURRENT_TIMESTAMP,
  PRIMARY KEY (`proposal_id`),
  KEY `idx_ppas_form_id` (`ppas_form_id`)
) ENGINE=MyISAM AUTO_INCREMENT=32 DEFAULT CHARSET=utf8mb4 COLLATE=utf8mb4_0900_ai_ci;

--
-- Dumping data for table `gad_proposals`
--

INSERT INTO `gad_proposals` (`proposal_id`, `ppas_form_id`, `campus`, `mode_of_delivery`, `partner_office`, `rationale`, `general_objectives`, `description`, `budget_breakdown`, `sustainability_plan`, `project_leader_responsibilities`, `assistant_leader_responsibilities`, `staff_responsibilities`, `specific_objectives`, `strategies`, `methods`, `materials`, `workplan`, `monitoring_items`, `specific_plans`, `created_at`, `updated_at`) VALUES
(30, 1, 'Lipa', 'FacetoFace', 'Partners', 'Rationale', 'General Objective', 'The Daniel and Marilyn\'s General Merchandise Store Web System is a robust digital platform designed to streamline inventory management and enhance the customer shopping experience. This system integrates a user-friendly point-of-sale interface with cloud-based e-commerce functionalities, allowing real-time synchronization of stock data and transactions. By incorporating GCash as a payment option, it caters to the growing demand for cashless transactions, making purchases more convenient for customers. The design emphasizes role-based access control, ensuring that only authorized personnel can manage sensitive data and system operations. With compliance to ISO 21500 standards, the system maintains a high level of project management excellence and operational efficiency.\n\nAdditionally, the platform supports a dynamic admin dashboard that provides insightful analytics and sales reports, empowering business owners to make data-driven decisions. Customer profiles, purchase history, and product recommendations are seamlessly integrated, creating a personalized shopping experience. Built with scalability in mind, the system can accommodate future business expansions and additional features without disrupting current operations. Security protocols are strictly enforced, protecting both customer and store data from breaches and unauthorized access. Ultimately, the web system aims to elevate the overall functionality, reliability, and competitiveness of the store in a rapidly evolving digital marketplace.', 'budget_breakdown', 'To ensure the long-term success and viability of the Daniel and Marilyn’s General Merchandise Store Web System, a comprehensive sustainability plan has been established. This plan focuses on maintaining system performance, reducing operational costs, and ensuring adaptability to future technological advancements. Regular system updates and maintenance schedules will be implemented to keep the platform secure, responsive, and compliant with the latest security protocols. Energy-efficient hosting solutions and optimized backend processes will be adopted to minimize the environmental impact of continuous system operation. Additionally, comprehensive training and documentation will be provided to staff, ensuring smooth day-to-day operations and reducing reliance on external technical support.\n\nThe sustainability strategy also includes continuous monitoring and evaluation mechanisms to assess the system’s efficiency, reliability, and user satisfaction over time. Feedback loops from customers and staff will help guide future updates and feature enhancements. The integration of scalable cloud infrastructure ensures the system can grow alongside the business, supporting increased traffic, transactions, and data without service disruption. Partnerships with local tech providers and open-source communities will also be explored to promote innovation and cost-effective development. Through proactive planning, resource optimization, and stakeholder involvement, the web system is positioned to support the store’s operations and goals well into the future.', '[\"Project Leader Responsibilities 1\", \"Project Leader Responsibilities 2\", \"Project Leader Responsibilities 3\", \"Project Leader Responsibilities 4\", \"Project Leader Responsibilities 5\"]', '[\"Assistant Project Leader Responsibilities 1\", \"Assistant Project Leader Responsibilities 2\", \"Assistant Project Leader Responsibilities 3\", \"Assistant Project Leader Responsibilities 4\", \"Assistant Project Leader Responsibilities 5\"]', '[\"Project Staff Responsibilities 1\", \"Project Staff Responsibilities 2\", \"Project Staff Responsibilities3\", \"Project Staff Responsibilities 4\", \"Project Staff Responsibilities 5\"]', '[\"Specific Objectives 1\", \"Specific Objectives 2\", \"Specific Objectives 3\"]', '[\"Strategies 1\", \"Strategies 2\", \"Strategies 3\"]', '[[\"Activity Name 1\", [\"Activity Details 1\", \"Activity Details 2\"]], [\"Activity Name 2\", [\"Activity Details 1\"]]]', '[\"Material 1\", \"Material 2\", \"Material 3\"]', '[[\"Work plan 11\", [\"2025-04-03\"]], [\"Work plan 2\", [\"2025-04-04\", \"2025-04-05\", \"2025-04-06\"]]]', '[[\"Objectives 1\", \"Performance Indicators 1\", \"Baseline Data 1\", \"Performance Target 1\", \"Data Source 1\", \"Collection Method 1\", \"Frequency of Data Collection 1\", \"Office/Persons Responsible 1\"], [\"Objectives 2\", \"Performance Indicators 2\", \"Baseline Data 2\", \"Performance Target 2\", \"Data Source 2\", \"Collection Method 2\", \"Frequency of Data Collection 2\", \"Office/Persons Responsible 2\"]]', '[\"Specific Plans 1\", \"Specific Plans 2\", \"Specific Plans 3\"]', '2025-04-07 05:38:32', '2025-04-29 01:16:39'),
(31, 2, 'Central', 'FacetoFace', 'Partners', 'Rationale', 'General Objective', 'The Daniel and Marilyn\'s General Merchandise Store Web System is a robust digital platform designed to streamline inventory management and enhance the customer shopping experience. This system integrates a user-friendly point-of-sale interface with cloud-based e-commerce functionalities, allowing real-time synchronization of stock data and transactions. By incorporating GCash as a payment option, it caters to the growing demand for cashless transactions, making purchases more convenient for customers. The design emphasizes role-based access control, ensuring that only authorized personnel can manage sensitive data and system operations. With compliance to ISO 21500 standards, the system maintains a high level of project management excellence and operational efficiency.\n\nAdditionally, the platform supports a dynamic admin dashboard that provides insightful analytics and sales reports, empowering business owners to make data-driven decisions. Customer profiles, purchase history, and product recommendations are seamlessly integrated, creating a personalized shopping experience. Built with scalability in mind, the system can accommodate future business expansions and additional features without disrupting current operations. Security protocols are strictly enforced, protecting both customer and store data from breaches and unauthorized access. Ultimately, the web system aims to elevate the overall functionality, reliability, and competitiveness of the store in a rapidly evolving digital marketplace.', 'budget_breakdown', 'To ensure the long-term success and viability of the Daniel and Marilyn’s General Merchandise Store Web System, a comprehensive sustainability plan has been established. This plan focuses on maintaining system performance, reducing operational costs, and ensuring adaptability to future technological advancements. Regular system updates and maintenance schedules will be implemented to keep the platform secure, responsive, and compliant with the latest security protocols. Energy-efficient hosting solutions and optimized backend processes will be adopted to minimize the environmental impact of continuous system operation. Additionally, comprehensive training and documentation will be provided to staff, ensuring smooth day-to-day operations and reducing reliance on external technical support.\n\nThe sustainability strategy also includes continuous monitoring and evaluation mechanisms to assess the system’s efficiency, reliability, and user satisfaction over time. Feedback loops from customers and staff will help guide future updates and feature enhancements. The integration of scalable cloud infrastructure ensures the system can grow alongside the business, supporting increased traffic, transactions, and data without service disruption. Partnerships with local tech providers and open-source communities will also be explored to promote innovation and cost-effective development. Through proactive planning, resource optimization, and stakeholder involvement, the web system is positioned to support the store’s operations and goals well into the future.', '[\"Project Leader Responsibilities 1\", \"Project Leader Responsibilities 2\", \"Project Leader Responsibilities 3\", \"Project Leader Responsibilities 4\", \"Project Leader Responsibilities 5\"]', '[\"Assistant Project Leader Responsibilities 1\", \"Assistant Project Leader Responsibilities 2\", \"Assistant Project Leader Responsibilities 3\", \"Assistant Project Leader Responsibilities 4\", \"Assistant Project Leader Responsibilities 5\"]', '[\"Project Staff Responsibilities 1\", \"Project Staff Responsibilities 2\", \"Project Staff Responsibilities3\", \"Project Staff Responsibilities 4\", \"Project Staff Responsibilities 5\"]', '[\"Specific Objectives 1\", \"Specific Objectives 2\", \"Specific Objectives 3\"]', '[\"Strategies 1\", \"Strategies 2\", \"Strategies 3\"]', '[[\"Activity Name 1\", [\"Activity Details 1\", \"Activity Details 2\"]], [\"Activity Name 2\", [\"Activity Details 1\"]]]', '[\"Material 1\", \"Material 2\", \"Material 3\"]', '[[\"Work plan 11\", [\"2025-04-03\"]], [\"Work plan 2\", [\"2025-04-04\", \"2025-04-05\", \"2025-04-06\"]]]', '[[\"Objectives 1\", \"Performance Indicators 1\", \"Baseline Data 1\", \"Performance Target 1\", \"Data Source 1\", \"Collection Method 1\", \"Frequency of Data Collection 1\", \"Office/Persons Responsible 1\"], [\"Objectives 2\", \"Performance Indicators 2\", \"Baseline Data 2\", \"Performance Target 2\", \"Data Source 2\", \"Collection Method 2\", \"Frequency of Data Collection 2\", \"Office/Persons Responsible 2\"]]', '[\"Specific Plans 1\", \"Specific Plans 2\", \"Specific Plans 3\"]', '2025-04-06 21:38:32', '2025-05-05 08:06:21');

-- --------------------------------------------------------

--
-- Table structure for table `gpb_entries`
--

DROP TABLE IF EXISTS `gpb_entries`;
CREATE TABLE IF NOT EXISTS `gpb_entries` (
  `id` int NOT NULL AUTO_INCREMENT,
  `category` varchar(50) NOT NULL,
  `gender_issue` text NOT NULL,
  `cause_of_issue` text NOT NULL,
  `gad_objective` text NOT NULL,
  `relevant_agency` varchar(255) NOT NULL,
  `generic_activity` text NOT NULL,
  `specific_activities` text NOT NULL,
  `total_activities` int NOT NULL,
  `male_participants` int NOT NULL,
  `actual_male_participants` int DEFAULT NULL,
  `female_participants` int NOT NULL,
  `actual_female_participants` int DEFAULT NULL,
  `total_participants` int NOT NULL,
  `gad_budget` decimal(15,2) NOT NULL,
  `actual_cost` decimal(10,2) DEFAULT NULL,
  `source_of_budget` varchar(255) NOT NULL,
  `responsible_unit` varchar(255) NOT NULL,
  `created_at` timestamp NULL DEFAULT CURRENT_TIMESTAMP,
  `campus` varchar(255) DEFAULT NULL,
  `year` int DEFAULT NULL,
  `status` varchar(100) NOT NULL,
  `feedback` text CHARACTER SET utf8mb4 COLLATE utf8mb4_0900_ai_ci NOT NULL,
  PRIMARY KEY (`id`)
) ENGINE=MyISAM AUTO_INCREMENT=104 DEFAULT CHARSET=utf8mb4 COLLATE=utf8mb4_0900_ai_ci;

--
-- Dumping data for table `gpb_entries`
--

INSERT INTO `gpb_entries` (`id`, `category`, `gender_issue`, `cause_of_issue`, `gad_objective`, `relevant_agency`, `generic_activity`, `specific_activities`, `total_activities`, `male_participants`, `actual_male_participants`, `female_participants`, `actual_female_participants`, `total_participants`, `gad_budget`, `actual_cost`, `source_of_budget`, `responsible_unit`, `created_at`, `campus`, `year`, `status`, `feedback`) VALUES
(88, 'Client-Focused', 'Test 1', 'Test', 'Test', 'Higher Education Services', '[\"Test\",\"Test2\"]', '[[\"Test\",\"Test 2\"],[\"Test\"]]', 1, 1, NULL, 1, NULL, 2, '1.00', NULL, 'GAA', 'OVCAA', '2025-04-25 00:34:25', 'Lipa', 2025, 'Approved', '[\"Test 1\",\"Test 2\",\"Test 3\",\"Test 4\",\"Test 5\",\"Test 6\",\"Test 7\",\"Test 8\",\"Test 9\"]'),
(100, 'Client-Focused', 'Test 2', 'Test', 'Test', 'Higher Education Services', '[\"Test\",\"Test2\"]', '[[\"Test\",\"Test 2\"],[\"Test\"]]', 3, 1, NULL, 1, NULL, 2, '1.00', NULL, 'GAA', 'Extension Services - GAD Office of Student Affairs and Services', '2025-04-27 16:23:48', 'Lipa', 2026, 'Approved', '[]'),
(98, 'Client-Focused', 'Test', 'Test', 'Test', 'Higher Education Services', '[\"Test\"]', '[[\"test\"]]', 1, 5, NULL, 5, NULL, 10, '1.00', NULL, 'GAA', 'Extension Services - GAD Office of Student Affairs and Services', '2025-04-27 16:23:40', 'Central', 2025, 'Approved', '[\"Test 1\"]'),
(101, 'Organization-Focused', 'Test 3', 'Test', 'Test', 'Higher Education Services', '[\"Test\"]', '[[\"Test\"]]', 1, 1, NULL, 1, NULL, 2, '1.00', NULL, 'GAA', 'Extension Services - GAD Office of Student Affairs and Services', '2025-04-25 00:35:02', 'Lipa', 2025, 'Approved', '[\"Test3\"]'),
(103, 'Client-Focused', 'Gender Awareness 2025', 'Test', 'Test', 'Higher Education Services', '[\"Test Program #1\",\"Test Program #2\",\"Test Program #3\",\"Test Program #4\"]', '[[\"Test Activity #1\",\"Test Activity #2\"],[\"Test Activity #1\"],[\"Test Activity #1\"],[\"Test Activity #1\",\"Test Activity #2\"]]', 6, 5, NULL, 5, NULL, 10, '50000.00', NULL, 'GAA', 'Extension Services - GAD Office of Student Affairs and Services', '2025-04-27 17:04:45', 'Alangilan', 2025, 'Approved', '[]'),
(102, 'Attributable PAPs', 'Test 4', 'Test', 'Test', 'Higher Education Services', '[\"Test\"]', '[[\"Test\"]]', 9, 222, NULL, 22, NULL, 222, '1.00', NULL, 'GAA', 'Extension Services - GAD Office of Student Affairs and Services', '2025-04-25 00:49:33', 'Lipa', 2025, 'Approved', '[\"Test\"]');

-- --------------------------------------------------------

--
-- Table structure for table `narrative`
--

DROP TABLE IF EXISTS `narrative`;
CREATE TABLE IF NOT EXISTS `narrative` (
  `id` int NOT NULL AUTO_INCREMENT,
  `ppas_form_id` int NOT NULL,
  `campus` varchar(100) NOT NULL,
  `implementing_office` text NOT NULL,
  `partner_agency` varchar(255) DEFAULT NULL,
  `extension_service_agenda` text NOT NULL,
  `type_beneficiaries` varchar(255) NOT NULL,
  `beneficiary_distribution` json NOT NULL,
  `leader_tasks` json NOT NULL,
  `assistant_tasks` json NOT NULL,
  `staff_tasks` json NOT NULL,
  `activity_narrative` text NOT NULL,
  `activity_ratings` json NOT NULL,
  `timeliness_ratings` json NOT NULL,
  `activity_images` json NOT NULL,
  `created_at` timestamp NOT NULL DEFAULT CURRENT_TIMESTAMP,
  PRIMARY KEY (`id`),
  KEY `ppas_form_id` (`ppas_form_id`)
) ENGINE=InnoDB AUTO_INCREMENT=38 DEFAULT CHARSET=utf8mb4 COLLATE=utf8mb4_0900_ai_ci;

--
-- Dumping data for table `narrative`
--

INSERT INTO `narrative` (`id`, `ppas_form_id`, `campus`, `implementing_office`, `partner_agency`, `extension_service_agenda`, `type_beneficiaries`, `beneficiary_distribution`, `leader_tasks`, `assistant_tasks`, `staff_tasks`, `activity_narrative`, `activity_ratings`, `timeliness_ratings`, `activity_images`, `created_at`) VALUES
(37, 1, 'Lipa', '[\"College of Informatics and Computing Sciences\",\"College of Nursing and Allied Health Sciences\"]', 'Partner Agency', '[1,0,1,0,0,0,1,0,0,0,1,1]', 'Beneficiaries', '{\"maleOthers\": \"2\", \"femaleOthers\": \"2\", \"maleBatStateU\": \"1\", \"femaleBatStateU\": \"1\"}', '[\"Project Leader1\", \"Project Leader2\", \"Project Leader3\"]', '[\"Assistant Project Leader1\", \"Assistant Project Leader2\", \"Assistant Project Leader3\"]', '[\"Project Staff1\", \"Project Staff2\", \"Project Staff3\"]', 'In the heart of a rapidly transforming world, where technology intertwines with every facet of daily life, the human experience continues to evolve in ways that would have once been unimaginable. From the rise of artificial intelligence and renewable energy sources to the profound shifts in global communication, the twenty-first century has ushered in an era defined by innovation and complexity. Yet, amid these swift changes, the fundamental desires of human beings — connection, purpose, understanding — remain as steadfast as ever.\n\nThroughout history, every significant advancement has been accompanied by a fundamental question: How does this serve the greater good? The invention of the printing press democratized information, much as the internet does today. Each new tool, each new discovery, challenges society to reconsider its values, structures, and aspirations. It is not enough to simply create; we must also reflect. We must ask ourselves whether the futures we are building are inclusive, sustainable, and just.\n\nTake, for instance, the global movement toward sustainability. Faced with the undeniable consequences of climate change, communities around the world are reimagining agriculture, energy consumption, and even urban living. Vertical farms rise within cities, feeding millions without the heavy carbon footprint of traditional agriculture. Solar and wind energy replace coal and oil, creating cleaner skies and healthier populations. Even industries historically rooted in waste — fashion, manufacturing, and construction — are innovating with circular economy principles, proving that prosperity and responsibility need not be mutually exclusive.\n\nMeanwhile, technology accelerates human potential in unprecedented ways. Artificial intelligence assists doctors in diagnosing rare diseases, helps scientists map distant galaxies, and aids humanitarian efforts by predicting natural disasters. At the same time, it raises profound ethical concerns: biases coded into algorithms, threats to privacy, the displacement of traditional jobs. The balance between harnessing technology’s power and safeguarding human dignity is delicate, requiring constant vigilance, robust dialogue, and compassionate leadership.\n\nEducation, too, is undergoing a revolution. No longer confined to physical classrooms, knowledge travels across borders in mere seconds. A child in a remote village can access the same lectures, materials, and mentorship as a student in a sprawling metropolitan center. Lifelong learning has become a necessity rather than a luxury, with new skills and literacies emerging as fast as industries themselves. In this environment, adaptability, creativity, and critical thinking have become the cornerstones of success.\n\nAmid these sweeping transformations, the human spirit proves resilient. Art continues to flourish, giving voice to the inexpressible and providing solace in uncertain times. Literature, music, and visual media bridge cultures, build empathy, and remind us of our shared humanity. Even as borders harden and political landscapes shift, the arts persist as a testament to the enduring need for connection and meaning.', '{\"Fair\": {\"Others\": 5, \"BatStateU\": 1}, \"Poor\": {\"Others\": 2, \"BatStateU\": 1}, \"Excellent\": {\"Others\": 9, \"BatStateU\": 1}, \"Satisfactory\": {\"Others\": 2, \"BatStateU\": 1}, \"Very Satisfactory\": {\"Others\": 2, \"BatStateU\": 1}}', '{\"Fair\": {\"Others\": 2, \"BatStateU\": 1}, \"Poor\": {\"Others\": 2, \"BatStateU\": 1}, \"Excellent\": {\"Others\": 2, \"BatStateU\": 1}, \"Satisfactory\": {\"Others\": 2, \"BatStateU\": 1}, \"Very Satisfactory\": {\"Others\": 2, \"BatStateU\": 1}}', '[\"narrative_18_1745218599_0.jpeg\", \"narrative_18_1745218599_1.jpg\"]', '2025-04-21 06:56:39');

-- --------------------------------------------------------

--
-- Table structure for table `personnel`
--

DROP TABLE IF EXISTS `personnel`;
CREATE TABLE IF NOT EXISTS `personnel` (
  `id` int NOT NULL AUTO_INCREMENT,
  `name` varchar(255) NOT NULL,
  `category` varchar(100) NOT NULL,
  `status` varchar(100) NOT NULL,
  `gender` varchar(100) NOT NULL,
  `academic_rank` varchar(100) NOT NULL,
  `campus` varchar(100) NOT NULL,
  `created_at` timestamp NULL DEFAULT CURRENT_TIMESTAMP,
  PRIMARY KEY (`id`),
  KEY `fk_academic_rank` (`academic_rank`)
) ENGINE=MyISAM AUTO_INCREMENT=138 DEFAULT CHARSET=utf8mb4 COLLATE=utf8mb4_0900_ai_ci;

--
-- Dumping data for table `personnel`
--

INSERT INTO `personnel` (`id`, `name`, `category`, `status`, `gender`, `academic_rank`, `campus`, `created_at`) VALUES
(117, 'Elbert D. Nebres', 'Non-teaching', 'Casual', 'male', 'Instructor III', 'Lipa', '2025-03-05 05:16:51'),
(116, 'Elbert D. Nebres', 'Teaching', 'Permanent', 'male', 'Instructor II', 'Alangilan', '2025-03-05 05:00:08'),
(132, 'Test', 'Non-teaching', 'Casual', 'female', 'Instructor III', 'Lipa', '2025-03-06 01:10:13'),
(124, 'Fryan Auric L. Valdez', 'Teaching', 'Guest Lecturer', 'male', 'Instructor I', 'Lipa', '2025-03-05 05:43:54');

-- --------------------------------------------------------

--
-- Table structure for table `ppas_forms`
--

DROP TABLE IF EXISTS `ppas_forms`;
CREATE TABLE IF NOT EXISTS `ppas_forms` (
  `id` int NOT NULL AUTO_INCREMENT,
  `campus` varchar(50) NOT NULL,
  `year` int NOT NULL,
  `quarter` varchar(10) NOT NULL,
  `gender_issue_id` int NOT NULL,
  `project` varchar(255) NOT NULL,
  `program` varchar(255) NOT NULL,
  `activity` varchar(255) NOT NULL,
  `location` varchar(255) NOT NULL,
  `start_date` date NOT NULL,
  `end_date` date NOT NULL,
  `start_time` time NOT NULL,
  `end_time` time NOT NULL,
  `total_duration_hours` decimal(10,2) NOT NULL,
  `lunch_break` enum('with','without') NOT NULL,
  `students_male` int NOT NULL DEFAULT '0',
  `students_female` int NOT NULL DEFAULT '0',
  `faculty_male` int NOT NULL DEFAULT '0',
  `faculty_female` int NOT NULL DEFAULT '0',
  `total_internal_male` int NOT NULL DEFAULT '0',
  `total_internal_female` int NOT NULL DEFAULT '0',
  `external_type` varchar(255) NOT NULL,
  `external_male` int NOT NULL DEFAULT '0',
  `external_female` int NOT NULL DEFAULT '0',
  `total_male` int NOT NULL DEFAULT '0',
  `total_female` int NOT NULL DEFAULT '0',
  `total_beneficiaries` int NOT NULL DEFAULT '0',
  `approved_budget` decimal(15,2) NOT NULL DEFAULT '0.00',
  `source_of_budget` varchar(100) NOT NULL,
  `ps_attribution` decimal(15,2) NOT NULL DEFAULT '0.00',
  `sdgs` text,
  `created_at` datetime NOT NULL,
  `updated_at` timestamp NULL DEFAULT CURRENT_TIMESTAMP ON UPDATE CURRENT_TIMESTAMP,
  PRIMARY KEY (`id`)
) ENGINE=InnoDB AUTO_INCREMENT=13 DEFAULT CHARSET=utf8mb4 COLLATE=utf8mb4_0900_ai_ci;

--
-- Dumping data for table `ppas_forms`
--

INSERT INTO `ppas_forms` (`id`, `campus`, `year`, `quarter`, `gender_issue_id`, `project`, `program`, `activity`, `location`, `start_date`, `end_date`, `start_time`, `end_time`, `total_duration_hours`, `lunch_break`, `students_male`, `students_female`, `faculty_male`, `faculty_female`, `total_internal_male`, `total_internal_female`, `external_type`, `external_male`, `external_female`, `total_male`, `total_female`, `total_beneficiaries`, `approved_budget`, `source_of_budget`, `ps_attribution`, `sdgs`, `created_at`, `updated_at`) VALUES
(1, 'Lipa', 2028, 'Q1', 88, 'Test Project', 'Test Program', 'Test Activity', 'Test Location', '2025-03-27', '2025-03-27', '11:33:00', '15:33:00', '4.00', 'without', 1, 1, 2, 2, 3, 3, '0', 1, 1, 4, 4, 8, '1.00', 'GAA', '3636.40', '[\"SDG 1 - No Poverty\",\"SDG 2 - Zero Hunger\",\"SDG 3 - Good Health and Well-being\"]', '0000-00-00 00:00:00', '2025-03-27 03:33:39'),
(2, 'Central', 2028, 'Q1', 88, 'Test Project', 'Test Program1', 'Test Activity1', 'Test Location', '2025-03-27', '2025-03-28', '11:33:00', '15:33:00', '8.00', 'without', 1, 1, 2, 2, 3, 3, '0', 1, 1, 4, 4, 8, '1.00', 'GAA', '3636.40', '[\"SDG 1 - No Poverty\",\"SDG 2 - Zero Hunger\",\"SDG 3 - Good Health and Well-being\"]', '0000-00-00 00:00:00', '2025-05-05 07:25:14'),
(3, 'Lipa', 2028, 'Q1', 71, 'Project A', 'Program A', 'Activity A', 'Location A', '2025-04-01', '2025-04-01', '10:00:00', '14:00:00', '4.00', 'without', 2, 3, 2, 3, 4, 6, '0', 2, 2, 6, 8, 14, '2.00', 'GAA', '4000.50', '[\"SDG 1 - No Poverty\"]', '0000-00-00 00:00:00', '2025-04-01 04:00:00'),
(4, 'Lipa', 2028, 'Q1', 88, 'Project B', 'Program B', 'Activity B', 'Location B', '2025-05-15', '2025-05-15', '09:30:00', '13:30:00', '4.00', 'without', 3, 2, 1, 4, 4, 6, '0', 3, 2, 7, 8, 15, '2.50', 'GAA', '3500.75', '[\"SDG 2 - Zero Hunger\"]', '0000-00-00 00:00:00', '2025-03-28 01:29:23'),
(5, 'Lipa', 2028, 'Q3', 96, 'Project C', 'Program C', 'Activity C', 'Location C', '2025-06-20', '2025-06-20', '11:00:00', '15:00:00', '4.00', 'without', 4, 4, 2, 2, 6, 6, '0', 3, 3, 9, 9, 18, '3.00', 'GAA', '3200.80', '[\"SDG 3 - Good Health and Well-being\"]', '0000-00-00 00:00:00', '2025-06-20 06:00:00'),
(6, 'Lipa', 2028, 'Q1', 88, 'Project D', 'Program D', 'Activity D', 'Location D', '2025-07-10', '2025-07-10', '12:00:00', '16:00:00', '4.00', 'without', 2, 2, 3, 3, 5, 5, '0', 4, 3, 9, 8, 17, '3.50', 'GAA', '3100.60', '[\"SDG 4 - Quality Education\"]', '0000-00-00 00:00:00', '2025-03-28 01:29:28'),
(7, 'Central', 2028, 'Q1', 89, 'Project E', 'Program E', 'Activity E', 'Location E', '2025-08-05', '2025-08-05', '13:00:00', '17:00:00', '4.00', 'without', 5, 5, 2, 2, 7, 7, '0', 2, 4, 9, 11, 20, '4.00', 'GAA', '3600.40', '[\"SDG 5 - Gender Equality\"]', '0000-00-00 00:00:00', '2025-05-05 07:25:17'),
(8, 'Lipa', 2028, 'Q1', 88, 'Project F', 'Program F', 'Activity F', 'Location F', '2025-09-12', '2025-09-12', '08:30:00', '12:30:00', '4.00', 'without', 3, 3, 1, 5, 4, 8, '0', 4, 2, 8, 10, 18, '4.50', 'GAA', '3700.20', '[\"SDG 6 - Clean Water and Sanitation\"]', '0000-00-00 00:00:00', '2025-03-28 01:29:33'),
(9, 'Lipa', 2028, 'Q3', 82, 'Project G', 'Program G', 'Activity G', 'Location G', '2025-10-22', '2025-10-22', '14:00:00', '18:00:00', '4.00', 'without', 4, 3, 3, 2, 7, 5, '0', 2, 3, 9, 8, 17, '5.00', 'GAA', '3800.90', '[\"SDG 7 - Affordable and Clean Energy\"]', '0000-00-00 00:00:00', '2025-10-22 09:00:00'),
(10, 'Lipa', 2028, 'Q4', 96, 'Project H', 'Program H', 'Activity H', 'Location H', '2025-11-30', '2025-11-30', '15:00:00', '19:00:00', '4.00', 'without', 2, 4, 2, 3, 4, 7, '0', 3, 3, 7, 10, 17, '5.50', 'GAA', '3900.30', '[\"SDG 8 - Decent Work and Economic Growth\"]', '0000-00-00 00:00:00', '2025-11-30 10:00:00'),
(11, 'Lobo', 2028, 'Q1', 88, 'Project I', 'Program I', 'Activity I', 'Location I', '2026-01-15', '2026-01-15', '10:30:00', '14:30:00', '4.00', 'without', 5, 2, 3, 2, 8, 4, '0', 4, 4, 12, 6, 18, '6.00', 'GAA', '4000.00', '[\"SDG 9 - Industry, Innovation and Infrastructure\"]', '0000-00-00 00:00:00', '2025-04-15 07:03:26'),
(12, 'Alangilan', 2028, 'Q2', 89, 'Project J', 'Program J', 'Activity J', 'Location J', '2026-02-20', '2026-02-20', '09:00:00', '13:00:00', '4.00', 'without', 3, 5, 3, 4, 6, 9, '0', 3, 2, 9, 11, 20, '6.50', 'GAA', '4100.10', '[\"SDG 10 - Reduced Inequality\"]', '0000-00-00 00:00:00', '2025-04-15 06:59:04');

-- --------------------------------------------------------

--
-- Table structure for table `ppas_personnel`
--

DROP TABLE IF EXISTS `ppas_personnel`;
CREATE TABLE IF NOT EXISTS `ppas_personnel` (
  `id` int NOT NULL AUTO_INCREMENT,
  `ppas_form_id` int NOT NULL,
  `personnel_id` int NOT NULL,
  `role` varchar(50) NOT NULL,
  `created_at` timestamp NULL DEFAULT CURRENT_TIMESTAMP,
  PRIMARY KEY (`id`)
) ENGINE=InnoDB AUTO_INCREMENT=19 DEFAULT CHARSET=utf8mb4 COLLATE=utf8mb4_0900_ai_ci;

--
-- Dumping data for table `ppas_personnel`
--

INSERT INTO `ppas_personnel` (`id`, `ppas_form_id`, `personnel_id`, `role`, `created_at`) VALUES
(1, 1, 124, 'Project Leader', '2025-03-27 03:33:39'),
(2, 1, 117, 'Assistant Project Leader', '2025-03-27 03:33:39'),
(3, 1, 132, 'Staff', '2025-03-27 03:33:39'),
(4, 1, 132, 'Other Internal Participants', '2025-03-27 03:33:39'),
(5, 2, 124, 'Project Leader', '2025-03-26 19:33:39'),
(6, 2, 117, 'Assistant Project Leader', '2025-03-26 19:33:39'),
(7, 2, 132, 'Staff', '2025-03-26 19:33:39'),
(8, 2, 132, 'Other Internal Participants', '2025-03-26 19:33:39'),
(9, 3, 125, 'Project Leader', '2025-04-01 04:00:00'),
(10, 3, 118, 'Assistant Project Leader', '2025-04-01 04:00:00'),
(11, 3, 133, 'Staff', '2025-04-01 04:00:00'),
(12, 3, 134, 'Other Internal Participants', '2025-04-01 04:00:00'),
(13, 4, 126, 'Project Leader', '2025-05-15 03:30:00'),
(14, 4, 119, 'Assistant Project Leader', '2025-05-15 03:30:00'),
(15, 4, 135, 'Staff', '2025-05-15 03:30:00'),
(16, 4, 136, 'Other Internal Participants', '2025-05-15 03:30:00'),
(17, 5, 127, 'Project Leader', '2025-06-20 06:00:00'),
(18, 5, 120, 'Assistant Project Leader', '2025-06-20 06:00:00');

-- --------------------------------------------------------

--
-- Table structure for table `programs`
--

DROP TABLE IF EXISTS `programs`;
CREATE TABLE IF NOT EXISTS `programs` (
  `id` int NOT NULL AUTO_INCREMENT,
  `program_name` varchar(255) NOT NULL,
  `created_at` timestamp NULL DEFAULT CURRENT_TIMESTAMP,
  PRIMARY KEY (`id`),
  UNIQUE KEY `program_name` (`program_name`)
) ENGINE=InnoDB DEFAULT CHARSET=utf8mb4 COLLATE=utf8mb4_0900_ai_ci;

-- --------------------------------------------------------

--
-- Table structure for table `projects`
--

DROP TABLE IF EXISTS `projects`;
CREATE TABLE IF NOT EXISTS `projects` (
  `id` int NOT NULL AUTO_INCREMENT,
  `project_name` varchar(255) NOT NULL,
  `created_at` timestamp NULL DEFAULT CURRENT_TIMESTAMP,
  PRIMARY KEY (`id`),
  UNIQUE KEY `project_name` (`project_name`)
) ENGINE=InnoDB DEFAULT CHARSET=utf8mb4 COLLATE=utf8mb4_0900_ai_ci;

-- --------------------------------------------------------

--
-- Table structure for table `signatories`
--

DROP TABLE IF EXISTS `signatories`;
CREATE TABLE IF NOT EXISTS `signatories` (
  `id` int NOT NULL AUTO_INCREMENT,
  `name1` varchar(255) NOT NULL,
  `gad_head_secretariat` varchar(255) NOT NULL,
  `name2` varchar(255) NOT NULL,
  `vice_chancellor_rde` varchar(255) NOT NULL,
  `name3` varchar(255) NOT NULL,
  `chancellor` varchar(255) NOT NULL,
  `name4` varchar(255) NOT NULL,
  `asst_director_gad` varchar(255) NOT NULL,
  `name5` varchar(255) NOT NULL,
  `head_extension_services` varchar(255) NOT NULL,
  `name6` varchar(255) DEFAULT NULL,
  `vice_chancellor_admin_finance` varchar(255) DEFAULT NULL,
  `campus` varchar(255) NOT NULL,
  `created_at` timestamp NULL DEFAULT CURRENT_TIMESTAMP,
  `updated_at` timestamp NULL DEFAULT CURRENT_TIMESTAMP ON UPDATE CURRENT_TIMESTAMP,
  `name7` varchar(255) DEFAULT NULL,
  `dean` varchar(255) DEFAULT 'Dean',
  PRIMARY KEY (`id`)
) ENGINE=MyISAM AUTO_INCREMENT=13 DEFAULT CHARSET=utf8mb4 COLLATE=utf8mb4_0900_ai_ci;

--
-- Dumping data for table `signatories`
--

INSERT INTO `signatories` (`id`, `name1`, `gad_head_secretariat`, `name2`, `vice_chancellor_rde`, `name3`, `chancellor`, `name4`, `asst_director_gad`, `name5`, `head_extension_services`, `name6`, `vice_chancellor_admin_finance`, `campus`, `created_at`, `updated_at`, `name7`, `dean`) VALUES
(2, 'Henry Silva', 'GAD Head Secretariat', 'Ivy Ramirez', 'Vice Chancellor For Research, Development and Extension', 'Jake Navarro', 'Chancellor', 'Kyla Villanueva', 'Assistant Director For GAD Advocacies', 'Luis Ramos', 'Head of Extension Services', 'Maria Dizon', 'Vice Chancellor for Administration and Finance', 'Alangilan', '2025-04-24 00:29:32', '2025-05-04 18:49:00', 'Noel Aquino', 'Dean'),
(1, 'Anna Cruz', 'GAD Head Secretariat', 'Benjamin Reyes', 'Vice Chancellor For Research, Development and Extension', 'Carla Gomez', 'Chancellor', 'Daniel Lopez', 'Assistant Director For GAD Advocacies', 'Elaine Mendoza', 'Head of Extension Services', 'Francis Tan', 'Vice Chancellor for Administration and Finance', 'Central', '2025-04-24 00:29:32', '2025-05-04 18:49:00', 'Grace Santos', 'Dean'),
(3, 'Olivia Lim', 'GAD Head Secretariat', 'Patrick Cruz', 'Vice Chancellor For Research, Development and Extension', 'Queenie Torres', 'Chancellor', 'Ryan Garcia', 'Assistant Director For GAD Advocacies', 'Samantha Uy', 'Head of Extension Services', 'Thomas Vega', 'Vice Chancellor for Administration and Finance', 'Pablo Borbon', '2025-04-24 00:29:32', '2025-05-04 18:49:00', 'Uma Santos', 'Dean'),
(4, 'Victor Chua', 'GAD Head Secretariat', 'Wendy Roxas', 'Vice Chancellor For Research, Development and Extension', 'Xavier Reyes', 'Chancellor', 'Yvonne Delgado', 'Assistant Director For GAD Advocacies', 'Zach Sy', 'Head of Extension Services', 'Abby Ong', 'Vice Chancellor for Administration and Finance', 'ARASOF-Nasugbu', '2025-04-24 00:29:32', '2025-05-04 18:49:00', 'Brianne Javier', 'Dean'),
(5, 'Carmen Diaz', 'GAD Head Secretariat', 'Diego Bautista', 'Vice Chancellor For Research, Development and Extension', 'Elena Ponce', 'Chancellor', 'Felix Ramos', 'Assistant Director For GAD Advocacies', 'Gloria Rivera', 'Head of Extension Services', 'Harold Tan', 'Vice Chancellor for Administration and Finance', 'Balayan', '2025-04-24 00:29:32', '2025-05-04 18:49:00', 'Isabel Flores', 'Dean'),
(6, 'Jasper Manalo', 'GAD Head Secretariat', 'Karen Sison', 'Vice Chancellor For Research, Development and Extension', 'Leo Gutierrez', 'Chancellor', 'Monica Santos', 'Assistant Director For GAD Advocacies', 'Nathan Cruz', 'Head of Extension Services', 'Opal Medina', 'Vice Chancellor for Administration and Finance', 'Lemery', '2025-04-24 00:29:32', '2025-05-04 18:49:00', 'Paulo Enriquez', 'Dean'),
(7, 'Quincy Tan', 'GAD Head Secretariat', 'Rachel Ong', 'Vice Chancellor For Research, Development and Extension', 'Samuel Chavez', 'Chancellor', 'Tina Yulo', 'Assistant Director For GAD Advocacies', 'Ulysses Ramos', 'Head of Extension Services', 'Vanessa Lim', 'Vice Chancellor for Administration and Finance', 'Lipa', '2025-04-24 00:29:32', '2025-05-04 18:49:00', 'Warren Domingo', 'Dean'),
(8, 'Alex Bautista', 'GAD Head Secretariat', 'Bea Santiago', 'Vice Chancellor For Research, Development and Extension', 'Caleb Morales', 'Chancellor', 'Diana Cruz', 'Assistant Director For GAD Advocacies', 'Eugene Delos Reyes', 'Head of Extension Services', 'Faye Tan', 'Vice Chancellor for Administration and Finance', 'Lobo', '2025-04-24 00:29:32', '2025-05-04 18:49:00', 'George Castillo', 'Dean'),
(9, 'Hannah Uy', 'GAD Head Secretariat', 'Ian Garcia', 'Vice Chancellor For Research, Development and Extension', 'Jolina Diaz', 'Chancellor', 'Karl Soriano', 'Assistant Director For GAD Advocacies', 'Lara Buenaventura', 'Head of Extension Services', 'Miguel Tan', 'Vice Chancellor for Administration and Finance', 'Mabini', '2025-04-24 00:29:32', '2025-05-04 18:49:00', 'Nina Trinidad', 'Dean'),
(10, 'Oscar Dela Cruz', 'GAD Head Secretariat', 'Pamela Reyes', 'Vice Chancellor For Research, Development and Extension', 'Quintin Sarmiento', 'Chancellor', 'Rhea David', 'Assistant Director For GAD Advocacies', 'Sergio Yap', 'Head of Extension Services', 'Tess Mercado', 'Vice Chancellor for Administration and Finance', 'Malvar', '2025-04-24 00:29:32', '2025-05-04 18:49:00', 'Uriel Santos', 'Dean'),
(11, 'Vera Go', 'GAD Head Secretariat', 'Wilmer Chavez', 'Vice Chancellor For Research, Development and Extension', 'Xandra Ramos', 'Chancellor', 'Yuri Navarro', 'Assistant Director For GAD Advocacies', 'Zenaida Castro', 'Head of Extension Services', 'Ariel Torres', 'Vice Chancellor for Administration and Finance', 'Rosario', '2025-04-24 00:29:32', '2025-05-04 18:49:00', 'Beatrice Luna', 'Dean'),
(12, 'Clyde Santos', 'GAD Head Secretariat', 'Denise Aquino', 'Vice Chancellor For Research, Development and Extension', 'Enzo Mateo', 'Chancellor', 'Fiona Sy', 'Assistant Director For GAD Advocacies', 'Gavin Reyes', 'Head of Extension Services', 'Hazel Ong', 'Vice Chancellor for Administration and Finance', 'San Juan', '2025-04-24 00:29:32', '2025-05-04 18:49:00', 'Irene Valdez', 'Dean');

-- --------------------------------------------------------

--
-- Table structure for table `target`
--

DROP TABLE IF EXISTS `target`;
CREATE TABLE IF NOT EXISTS `target` (
  `id` int NOT NULL AUTO_INCREMENT,
  `year` year NOT NULL,
  `campus` enum('Lipa','Pablo Borbon','Alangilan','Nasugbu','Malvar''Rosario','Balayan','Lemery','San Juan','Lobo') CHARACTER SET utf8mb4 COLLATE utf8mb4_unicode_ci NOT NULL,
  `total_gaa` decimal(15,2) NOT NULL,
  `total_gad_fund` decimal(15,2) NOT NULL,
  PRIMARY KEY (`id`),
  UNIQUE KEY `unique_year_campus` (`year`,`campus`),
  KEY `idx_year` (`year`),
  KEY `idx_campus` (`campus`)
) ENGINE=InnoDB AUTO_INCREMENT=164 DEFAULT CHARSET=utf8mb4 COLLATE=utf8mb4_unicode_ci;

--
-- Dumping data for table `target`
--

INSERT INTO `target` (`id`, `year`, `campus`, `total_gaa`, `total_gad_fund`) VALUES
(120, 2025, 'Pablo Borbon', '1.00', '0.05'),
(146, 2025, 'Alangilan', '500.00', '25.00'),
(149, 2026, 'Alangilan', '1.00', '0.05'),
(156, 2026, 'Pablo Borbon', '999.00', '49.95'),
(157, 2027, 'Pablo Borbon', '3.00', '0.15'),
(158, 2028, 'Lipa', '500.00', '25.00'),
(161, 2029, 'Lipa', '69.00', '3.45'),
(162, 2026, 'Lipa', '2222.00', '111.10'),
(163, 2025, 'Lipa', '3333.00', '166.65');
COMMIT;

/*!40101 SET CHARACTER_SET_CLIENT=@OLD_CHARACTER_SET_CLIENT */;
/*!40101 SET CHARACTER_SET_RESULTS=@OLD_CHARACTER_SET_RESULTS */;
/*!40101 SET COLLATION_CONNECTION=@OLD_COLLATION_CONNECTION */;
